--------------------Stykke----------------------------
INSERT INTO SesongType (SesongTypeID, Navn)
VALUES
(1, 'Vinter'),
(2, 'Vår'),
(3, 'Sommer'),
(4, 'Høst');

INSERT INTO Stykke (StykkeID, Navn)
VALUES
(1, 'Kongsemnene'),
(2, 'Størst av alt er kjærligheten');

-- SesongStykke Table
INSERT INTO SesongStykke (SesongStykkeID, StykkeID, SesongTypeID, SesongÅr, SalID)
VALUES
(1, 1, 1, 2024, 1), -- Kongsemnene Vinter 2024
(2, 2, 1, 2024, 2), -- Størst av alt er kjærligheten Vinter 2024
(3, 1, 2, 2024, 1), -- Kongsemnene Vår 2024
(4, 2, 2, 2024, 2); -- Størst av alt er kjærligheten Vår 2024

-------------Akt og Rolle----------------
-- Akt Table
INSERT INTO Akt (AktNr, StykkeID, AktID, AktNavn)
VALUES
--Akter i Kongsemnene
(1, 1, 1, 'Akt 1 - Kongsemnene'),
(2, 1, 2, 'Akt 2 - Kongsemnene'),
(3, 1, 3, 'Akt 3 - Kongsemnene'),
(4, 1, 4, 'Akt 4 - Kongsemnene'),
(5, 1, 5, 'Akt 5 - Kongsemnene'),
--Bare en akt i Størst av alt er kjærligheten
(1, 2, 6, 'Akt 1 - Størst av alt er kjærligheten');

-- Rolle Table
INSERT INTO Rolle (RolleID, RolleNavn, StykkeID)
VALUES
--Roller i Kongsemnene
(1, 'Håkon Håkonsson', 1),
(2, 'Inga frå Vartejg', 1),
(3, 'Skule Jarl', 1),
(4, 'Fru Ragnhild', 1),
(5, 'Margrete', 1),
(6, 'Sigrid', 1),
(7, 'Ingebjørg', 1),
(8, 'Biskop Nikolas', 1),
(9, 'Gregorius Jonssønn', 1),
(10, 'Paal Flida', 1),
(11, 'Trønder', 1),
(12, 'Baard Bratte', 1),
(13, 'Jatgeir Skald', 1),
(14, 'Dagfinn Bonde', 1),
(15, 'Peter', 1),
-- Roller i Størst av alt er kjærligheten
(16, 'Sunniva Du Mond Nordal', 2),
(17, 'Jo Saberniak', 2),
(18, 'Marte M. Steinholt', 2),
(19, 'Tor Ivar Hagen', 2),
(20, 'Trond-Ove Skrødal', 2),
(21, 'Natalie Grøndahl Tangen', 2),
(22, 'Åsmund Flaten', 2);

-- AktRolle Table
INSERT INTO AktRolle (AktID, RolleNavn, AnsattID)
VALUES
-----Størst av alt er kjærligheten-----
-----Skuespillerne i Størst av alt er kjærligheten spiller seg selv
(6, 'Sunniva Du Mond Nordal', 13),
(6, 'Jo Saberniak', 14),
(6, 'Marte M. Steinholt', 15),
(6, 'Tor Ivar Hagen', 16),
(6, 'Trond-Ove Skrødal', 17),
(6, 'Natalie Grøndahl Tangen', 18),
(6, 'Åsmund Flaten', 19),
-----Kongsemnene-----
-- For Håkon Håkonsson
(1, "Håkon Håkonsson", 1),
(2, "Håkon Håkonsson", 1),
(3, "Håkon Håkonsson", 1),
(4, "Håkon Håkonsson", 1),
(5, "Håkon Håkonsson", 1),
-- For Dagfinn Bonde
(1, "Dagfinn Bonde", 11),
(2, "Dagfinn Bonde", 11),
(3, "Dagfinn Bonde", 11),
(4, "Dagfinn Bonde", 11),
(5, "Dagfinn Bonde", 11),

-- For Jatgeir Skald
(4, "Jatgeir Skald", 11),

-- For Sigrid
(1, "Sigrid", 6),
(2, "Sigrid", 6),
(5, "Sigrid", 6),

-- For Ingeborg
(4, "Ingeborg", 6),

-- For Skule Jarl
(1, "Skule Jarl", 3),
(2, "Skule Jarl", 3),
(3, "Skule Jarl", 3),
(4, "Skule Jarl", 3),
(5, "Skule Jarl", 3),

-- For Inga fra Varteig
(1, "Inga frå Varteig", 2),
(3, "Inga frå Varteig", 2),

-- For Paal Flida
(1, "Paal Flida", 9),
(2, "Paal Flida", 9),
(3, "Paal Flida", 9),
(4, "Paal Flida", 9),
(5, "Paal Flida", 9),

-- For Ragnhild
(1, "Ragnhild", 4),
(5, "Ragnhild", 4),

-- For Gregorius Jonsson
(1, "Gregorius Jonsson", 8),
(2, "Gregorius Jonsson", 8),
(3, "Gregorius Jonsson", 8),
(4, "Gregorius Jonsson", 8),
(5, "Gregorius Jonsson", 8),

-- For Margrete
(1, "Margrete", 5),
(2, "Margrete", 5),
(3, "Margrete", 5),
(4, "Margrete", 5),
(5, "Margrete", 5),

-- For Biskop Nikolas
(1, "Biskop Nikolas", 7),
(2, "Biskop Nikolas", 7),
(3, "Biskop Nikolas", 7),

-- For Peter
(3, "Peter", 12),
(4, "Peter", 12),
(5, "Peter", 12);


----------------------Forestilling-------------------------
-- Sal Table
INSERT INTO Sal (SalID, Navn)
VALUES 
(1, 'Hovedscenen'),
(2, 'Gamle scene'),
(3, 'Studioscenen'),
(4, 'Teaterkjelleren'),
(5, 'Teaterkafeen');

-- Forestilling Table
INSERT INTO Forestilling (ForestillingsID, ForestillingsDatoTid, SalID, StykkeID)
VALUES 
--Kongemnene
(1, '2024-02-01 19:00:00', 1, 1),
(2, '2024-02-02 19:00:00', 1, 1),
(3, '2024-02-03 19:00:00', 1, 1),
(4, '2024-02-05 19:00:00', 1, 1),
(5, '2024-02-06 19:00:00', 1, 1),
--Størst av alt er kjærligheten
(6, '2024-02-03 18:30:00', 2, 2),
(7, '2024-02-06 18:30:00', 2, 2),
(8, '2024-02-07 18:30:00', 2, 2),
(9, '2024-02-12 18:30:00', 2, 2),
(10, '2024-02-13 18:30:00', 2, 2),
(11, '2024-02-14 18:30:00', 2, 2);

-- Område Table
INSERT INTO Område (SalID, OmrådeNavn)
VALUES
(1, "Hoved"),
(1, "Galleri Ovre"),
(1, "Galleri Nedre"),
(2, "Galleri"),
(2, "Balkong"),
(2, "Parkett");

-- Stol Table

-------------------------Bilett-------------------------
-- BillettType Table
INSERT INTO BillettType (BillettTypeID, BillettType, StykkeID, Pris)
VALUES 
--Billett Kongsemnene
(1, 'Ordinær', 1, 450),
(2, 'Honnør', 1, 380),
(3, 'Student', 1, 280),
(4, 'Gruppe 10', 1, 420),
(5, 'Gruppe honnør 10', 1, 360),
--Billett Størst av alt
(6, 'Ordinær', 2, 350),
(7, 'Honnør', 2, 300),
(8, 'Student', 2, 220),
(9, 'Barn', 2, 220),
(10, 'Gruppe 10', 2, 320),
(11, 'Gruppe honnør 10', 2, 270);

-- Billett Table
INSERT INTO Billett (BillettID, BillettTypeID, ForestillingsID, StolID)
VALUES
(1, 1, 1, 1),
(2, 1, 1, 2),
(3, 1, 1, 3),
(4, 1, 1, 4),
(5, 1, 1, 5);

--Kunde Table
INSERT INTO Kunde (KundeID, Adresse, Navn, Mobilnummer)
VALUES
(1, 'Olav Tryggvasons gate 1', 'Ola Nordmann', 12345678),
(2, 'Olav Tryggvasons gate 2', 'Kari Nordmann', 87654321),
(3, 'Olav Tryggvasons gate 3', 'Per Nordmann', 12348765),
(4, 'Olav Tryggvasons gate 4', 'Pål Nordmann', 87651234),
(5, 'Olav Tryggvasons gate 5', 'Knut Nordmann', 12345687);

--Billettkjop Table
INSERT INTO Bilettkjop (KundeID, BillettID, DatoTid)
VALUES
(1,1, '2024-01-01 12:00:00'),
(2,2, '2024-01-01 12:00:00'),
(3,3, '2024-01-01 12:00:00'),
(4,4, '2024-01-01 12:00:00'),
(5,5, '2024-01-01 12:00:00');

-------------------Ansatt---------------------

-- AnsattStatusType Table
INSERT INTO AnsattStatusType (AnsattStatusTypeID, StatusType)
VALUES
(1, 'Fast ansatt'),
(2, 'Midlertidig ansatt'),
(3, 'Innleid'),
(4, 'Frivillig');

-- Oppgave Table
INSERT INTO Posisjon (PosisjonID, PosisjonTekst)
VALUES
(1, 'Skuespiller'),
(2, 'Regi'),
(3, 'Scenograif og kostymer'),
(4, 'Musikalsk ansvarlig'),
(5, 'Lysdesign'),
(6, 'Dramturg');

-- Ansatt Table
INSERT INTO Ansatt (AnsattID, AnsattStatusTypeID, Navn, Epost)
VALUES
--Kongsemene - Skuespillere
(1, 1, 'Arturo Scotti', 'arturo.scotti@email.com'),
(2, 1, 'Ingunn Beate Øyen', 'ingunn.beate.oyen@email.com'),
(3, 1, 'Hans Petter Nilsen', 'hans.petter.nilsen@email.com'),
(4, 1, 'Madeleine Brandtzæg Nilsen', 'madeleine.brandtzaeg.nilsen@email.com'),
(5, 1, 'Synnøve Fossum Eriksen', 'synnove.fossum.eriksen@email.com'),
(6, 1, 'Emma Caroline Deichmann', 'emma.caroline.deichmann@email.com'),
(7, 1, 'Thomas Jensen Takyi', 'thomas.jensen.takyi@email.com'),
(8, 1, 'Per Bogstad Gulliksen', 'per.bogstad.gulliksen@email.com'),
(9, 1, 'Isak Holmen Sørensen', 'isak.holmen.sorensen@email.com'),
(10, 1, 'Fabian Heidelberg Lunde', 'fabian.heidelberg.lunde@email.com'),
(11, 1, 'Emil Olafsson', 'emil.olafsson@email.com'),
(12, 1, 'Snorre Ryen Tøndel', 'snorre.ryen.tondel@email.com'),
--Størst av alt er kjærligheten - Skuespillere
(13, 1, 'Sunniva Du Mond Nordal', 'sunniva.du.mond.nordal@email.com'),
(14, 1, 'Jo Saberniak', 'jo.saberniak@email.com'),
(15, 1, 'Marte M. Steinholt', 'marte.m.steinholt@email.com'),
(16, 1, 'Tor Ivar Hagen', 'tor.ivar.hagen@email.com'),
(17, 1, 'Trond-Ove Skrødal', 'trond-ove.skrodal@email.com'),
(18, 1, 'Natalie Grøndahl Tangen', 'natalie.grondahl.tangen@email.com'),
(19, 1, 'Åsmund Flaten', 'asmund.flaten@email.com'),
--Kongsemnene - Regi
(20, 2, 'Yury Butusov', 'yury.butusov@email.com'),
(21, 3, 'Aleksandr Shishkin-Hokusai', 'aleksandr.shishkinhokusai@email.com'),
(22, 5, 'Eivind Myren', 'eivind.myren@email.com'),
(23, 6, 'Mina Rype Stokke', 'mina.stokke@email.com'),
--Størst av alt er kjærligheten - Regi
(24, 2, 'Jonas Corell Petersen', 'jonascorell.petersen@email.com'),
(25, 3, 'David Gehrt', 'david.gehrt@email.com'),
(26, 4, 'Gaute Tønder', 'gaute.tonder@email.com'),
(27, 5, 'Magnus Mikaelsen', 'magnus.mikaelsen@email.com'),
(28, 6, 'Kristoffer Spender', 'kristoffer.spender@email.com');

-- AnsattOppgave Table
-----------------------------------------------------------------------------------------------------

INSERT INTO Stol (OmrådeNavn, StolNo, RadNo, StolID)
VALUES
--Hovedscene Område 'Hoved' Rad 1
("Hoved", 1, 1, 1), 
("Hoved", 2, 1, 2), 
("Hoved", 3, 1, 3), 
("Hoved", 4, 1, 4), 
("Hoved", 5, 1, 5), 
("Hoved", 6, 1, 6), 
("Hoved", 7, 1, 7), 
("Hoved", 8, 1, 8), 
("Hoved", 9, 1, 9), 
("Hoved", 10, 1, 10),
("Hoved", 11, 1, 11), 
("Hoved", 12, 1, 12), 
("Hoved", 13, 1, 13), 
("Hoved", 14, 1, 14), 
("Hoved", 15, 1, 15), 
("Hoved", 16, 1, 16), 
("Hoved", 17, 1, 17), 
("Hoved", 18, 1, 18), 
("Hoved", 19, 1, 19), 
("Hoved", 20, 1, 20),
("Hoved", 21, 1, 21), 
("Hoved", 22, 1, 22), 
("Hoved", 23, 1, 23), 
("Hoved", 24, 1, 24), 
("Hoved", 25, 1, 25), 
("Hoved", 26, 1, 26), 
("Hoved", 27, 1, 27), 
("Hoved", 28, 1, 28),
--Hovedscene Område 'Hoved' Rad 2
("Hoved", 29, 2, 29), 
("Hoved", 30, 2, 30), 
("Hoved", 31, 2, 31), 
("Hoved", 32, 2, 32), 
("Hoved", 33, 2, 33), 
("Hoved", 34, 2, 34), 
("Hoved", 35, 2, 35), 
("Hoved", 36, 2, 36), 
("Hoved", 37, 2, 37), 
("Hoved", 38, 2, 38),
("Hoved", 39, 2, 39), 
("Hoved", 40, 2, 40), 
("Hoved", 41, 2, 41), 
("Hoved", 42, 2, 42), 
("Hoved", 43, 2, 43), 
("Hoved", 44, 2, 44), 
("Hoved", 45, 2, 45), 
("Hoved", 46, 2, 46), 
("Hoved", 47, 2, 47), 
("Hoved", 48, 2, 48),
("Hoved", 49, 2, 49), 
("Hoved", 50, 2, 50), 
("Hoved", 51, 2, 51), 
("Hoved", 52, 2, 52), 
("Hoved", 53, 2, 53), 
("Hoved", 54, 2, 54), 
("Hoved", 55, 2, 55), 
("Hoved", 56, 2, 56),
--Hovedscene Område 'Hoved' Rad 3
("Hoved", 57, 3, 57),
("Hoved", 58, 3, 58),
("Hoved", 59, 3, 59),
("Hoved", 60, 3, 60),
("Hoved", 61, 3, 61),
("Hoved", 62, 3, 62),
("Hoved", 63, 3, 63),
("Hoved", 64, 3, 64),
("Hoved", 65, 3, 65),
("Hoved", 66, 3, 66),
("Hoved", 67, 3, 67),
("Hoved", 68, 3, 68),
("Hoved", 69, 3, 69),
("Hoved", 70, 3, 70),
("Hoved", 71, 3, 71),
("Hoved", 72, 3, 72),
("Hoved", 73, 3, 73),
("Hoved", 74, 3, 74),
("Hoved", 75, 3, 75),
("Hoved", 76, 3, 76),
("Hoved", 77, 3, 77),
("Hoved", 78, 3, 78),
("Hoved", 79, 3, 79),
("Hoved", 80, 3, 80),
("Hoved", 81, 3, 81),
("Hoved", 82, 3, 82),
("Hoved", 83, 3, 83),
("Hoved", 84, 3, 84),
--Hovedscene Område 'Hoved' Rad 4
("Hoved", 85, 4, 85),
("Hoved", 86, 4, 86),
("Hoved", 87, 4, 87),
("Hoved", 88, 4, 88),
("Hoved", 89, 4, 89),
("Hoved", 90, 4, 90),
("Hoved", 91, 4, 91),
("Hoved", 92, 4, 92),
("Hoved", 93, 4, 93),
("Hoved", 94, 4, 94),
("Hoved", 95, 4, 95),
("Hoved", 96, 4, 96),
("Hoved", 97, 4, 97),
("Hoved", 98, 4, 98),
("Hoved", 99, 4, 99),
("Hoved", 100, 4, 100),
("Hoved", 101, 4, 101),
("Hoved", 102, 4, 102),
("Hoved", 103, 4, 103),
("Hoved", 104, 4, 104),
("Hoved", 105, 4, 105),
("Hoved", 106, 4, 106),
("Hoved", 107, 4, 107),
("Hoved", 108, 4, 108),
("Hoved", 109, 4, 109),
("Hoved", 110, 4, 110),
("Hoved", 111, 4, 111),
("Hoved", 112, 4, 112),
--Hovedscene Område 'Hoved' Rad 5
("Hoved", 113, 5, 113),
("Hoved", 114, 5, 114),
("Hoved", 115, 5, 115),
("Hoved", 116, 5, 116),
("Hoved", 117, 5, 117),
("Hoved", 118, 5, 118),
("Hoved", 119, 5, 119),
("Hoved", 120, 5, 120),
("Hoved", 121, 5, 121),
("Hoved", 122, 5, 122),
("Hoved", 123, 5, 123),
("Hoved", 124, 5, 124),
("Hoved", 125, 5, 125),
("Hoved", 126, 5, 126),
("Hoved", 127, 5, 127),
("Hoved", 128, 5, 128),
("Hoved", 129, 5, 129),
("Hoved", 130, 5, 130),
("Hoved", 131, 5, 131),
("Hoved", 132, 5, 132),
("Hoved", 133, 5, 133),
("Hoved", 134, 5, 134),
("Hoved", 135, 5, 135),
("Hoved", 136, 5, 136),
("Hoved", 137, 5, 137),
("Hoved", 138, 5, 138),
("Hoved", 139, 5, 139),
("Hoved", 140, 5, 140),
--Hovedscene Område 'Hoved' Rad 6
("Hoved", 141, 6, 141),
("Hoved", 142, 6, 142),
("Hoved", 143, 6, 143),
("Hoved", 144, 6, 144),
("Hoved", 145, 6, 145),
("Hoved", 146, 6, 146),
("Hoved", 147, 6, 147),
("Hoved", 148, 6, 148),
("Hoved", 149, 6, 149),
("Hoved", 150, 6, 150),
("Hoved", 151, 6, 151),
("Hoved", 152, 6, 152),
("Hoved", 153, 6, 153),
("Hoved", 154, 6, 154),
("Hoved", 155, 6, 155),
("Hoved", 156, 6, 156),
("Hoved", 157, 6, 157),
("Hoved", 158, 6, 158),
("Hoved", 159, 6, 159),
("Hoved", 160, 6, 160),
("Hoved", 161, 6, 161),
("Hoved", 162, 6, 162),
("Hoved", 163, 6, 163),
("Hoved", 164, 6, 164),
("Hoved", 165, 6, 165),
("Hoved", 166, 6, 166),
("Hoved", 167, 6, 167),
("Hoved", 168, 6, 168),
--Hovedscene Område 'Hoved' Rad 7
("Hoved", 169, 7, 169),
("Hoved", 170, 7, 170),
("Hoved", 171, 7, 171),
("Hoved", 172, 7, 172),
("Hoved", 173, 7, 173),
("Hoved", 174, 7, 174),
("Hoved", 175, 7, 175),
("Hoved", 176, 7, 176),
("Hoved", 177, 7, 177),
("Hoved", 178, 7, 178),
("Hoved", 179, 7, 179),
("Hoved", 180, 7, 180),
("Hoved", 181, 7, 181),
("Hoved", 182, 7, 182),
("Hoved", 183, 7, 183),
("Hoved", 184, 7, 184),
("Hoved", 185, 7, 185),
("Hoved", 186, 7, 186),
("Hoved", 187, 7, 187),
("Hoved", 188, 7, 188),
("Hoved", 189, 7, 189),
("Hoved", 190, 7, 190),
("Hoved", 191, 7, 191),
("Hoved", 192, 7, 192),
("Hoved", 193, 7, 193),
("Hoved", 194, 7, 194),
("Hoved", 195, 7, 195),
("Hoved", 196, 7, 196),
-- Hovedscene Område 'Hoved' Rad 8
("Hoved", 197, 8, 197),
("Hoved", 198, 8, 198),
("Hoved", 199, 8, 199),
("Hoved", 200, 8, 200),
("Hoved", 201, 8, 201),
("Hoved", 202, 8, 202),
("Hoved", 203, 8, 203),
("Hoved", 204, 8, 204),
("Hoved", 205, 8, 205),
("Hoved", 206, 8, 206),
("Hoved", 207, 8, 207),
("Hoved", 208, 8, 208),
("Hoved", 209, 8, 209),
("Hoved", 210, 8, 210),
("Hoved", 211, 8, 211),
("Hoved", 212, 8, 212),
("Hoved", 213, 8, 213),
("Hoved", 214, 8, 214),
("Hoved", 215, 8, 215),
("Hoved", 216, 8, 216),
("Hoved", 217, 8, 217),
("Hoved", 218, 8, 218),
("Hoved", 219, 8, 219),
("Hoved", 220, 8, 220),
("Hoved", 221, 8, 221),
("Hoved", 222, 8, 222),
("Hoved", 223, 8, 223),
("Hoved", 224, 8, 224),
-- Hovedscene Område 'Hoved' Rad 9
("Hoved", 225, 9, 225),
("Hoved", 226, 9, 226),
("Hoved", 227, 9, 227),
("Hoved", 228, 9, 228),
("Hoved", 229, 9, 229),
("Hoved", 230, 9, 230),
("Hoved", 231, 9, 231),
("Hoved", 232, 9, 232),
("Hoved", 233, 9, 233),
("Hoved", 234, 9, 234),
("Hoved", 235, 9, 235),
("Hoved", 236, 9, 236),
("Hoved", 237, 9, 237),
("Hoved", 238, 9, 238),
("Hoved", 239, 9, 239),
("Hoved", 240, 9, 240),
("Hoved", 241, 9, 241),
("Hoved", 242, 9, 242),
("Hoved", 243, 9, 243),
("Hoved", 244, 9, 244),
("Hoved", 245, 9, 245),
("Hoved", 246, 9, 246),
("Hoved", 247, 9, 247),
("Hoved", 248, 9, 248),
("Hoved", 249, 9, 249),
("Hoved", 250, 9, 250),
("Hoved", 251, 9, 251),
("Hoved", 252, 9, 252),
-- Hovedscene Område 'Hoved' Rad 10
("Hoved", 253, 10, 253),
("Hoved", 254, 10, 254),
("Hoved", 255, 10, 255),
("Hoved", 256, 10, 256),
("Hoved", 257, 10, 257),
("Hoved", 258, 10, 258),
("Hoved", 259, 10, 259),
("Hoved", 260, 10, 260),
("Hoved", 261, 10, 261),
("Hoved", 262, 10, 262),
("Hoved", 263, 10, 263),
("Hoved", 264, 10, 264),
("Hoved", 265, 10, 265),
("Hoved", 266, 10, 266),
("Hoved", 267, 10, 267),
("Hoved", 268, 10, 268),
("Hoved", 269, 10, 269),
("Hoved", 270, 10, 270),
("Hoved", 271, 10, 271),
("Hoved", 272, 10, 272),
("Hoved", 273, 10, 273),
("Hoved", 274, 10, 274),
("Hoved", 275, 10, 275),
("Hoved", 276, 10, 276),
("Hoved", 277, 10, 277),
("Hoved", 278, 10, 278),
("Hoved", 279, 10, 279),
("Hoved", 280, 10, 280),
-- Hovedscene Område 'Hoved' Rad 11 
("Hoved", 281, 11, 281), 
("Hoved", 282, 11, 282), 
("Hoved", 283, 11, 283), 
("Hoved", 284, 11, 284), 
("Hoved", 285, 11, 285), 
("Hoved", 286, 11, 286), 
("Hoved", 287, 11, 287), 
("Hoved", 288, 11, 288), 
("Hoved", 289, 11, 289), 
("Hoved", 290, 11, 290), 
("Hoved", 291, 11, 291), 
("Hoved", 292, 11, 292), 
("Hoved", 293, 11, 293), 
("Hoved", 294, 11, 294), 
("Hoved", 295, 11, 295), 
("Hoved", 296, 11, 296), 
("Hoved", 297, 11, 297), 
("Hoved", 298, 11, 298), 
-- Hovedscene Område 'Hoved' Rad 12 
("Hoved", 309, 12, 309), 
("Hoved", 310, 12, 310), 
("Hoved", 311, 12, 311), 
("Hoved", 312, 12, 312), 
("Hoved", 313, 12, 313), 
("Hoved", 314, 12, 314), 
("Hoved", 315, 12, 315), 
("Hoved", 316, 12, 316), 
("Hoved", 317, 12, 317), 
("Hoved", 318, 12, 318), 
("Hoved", 319, 12, 319), 
("Hoved", 320, 12, 320), 
("Hoved", 321, 12, 321), 
("Hoved", 322, 12, 322), 
("Hoved", 323, 12, 323), 
("Hoved", 324, 12, 324), 
("Hoved", 325, 12, 325), 
("Hoved", 326, 12, 326), 
-- Hovedscene Område 'Hoved' Rad 13 
("Hoved", 337, 13, 337), 
("Hoved", 338, 13, 338), 
("Hoved", 339, 13, 339), 
("Hoved", 340, 13, 340), 
("Hoved", 341, 13, 341), 
("Hoved", 342, 13, 342), 
("Hoved", 343, 13, 343), 
("Hoved", 344, 13, 344), 
("Hoved", 345, 13, 345), 
("Hoved", 346, 13, 346), 
("Hoved", 347, 13, 347), 
("Hoved", 348, 13, 348), 
("Hoved", 349, 13, 349), 
("Hoved", 350, 13, 350), 
("Hoved", 351, 13, 351), 
("Hoved", 352, 13, 352), 
("Hoved", 353, 13, 353), 
("Hoved", 354, 13, 354), 
-- Hovedscene Område 'Hoved' Rad 14 
("Hoved", 365, 14, 365), 
("Hoved", 366, 14, 366), 
("Hoved", 367, 14, 367), 
("Hoved", 368, 14, 368), 
("Hoved", 369, 14, 369), 
("Hoved", 370, 14, 370), 
("Hoved", 371, 14, 371), 
("Hoved", 372, 14, 372), 
("Hoved", 373, 14, 373), 
("Hoved", 374, 14, 374), 
("Hoved", 375, 14, 375), 
("Hoved", 376, 14, 376), 
("Hoved", 377, 14, 377), 
("Hoved", 378, 14, 378), 
("Hoved", 379, 14, 379), 
("Hoved", 380, 14, 380), 
("Hoved", 381, 14, 381), 
("Hoved", 382, 14, 382), 
-- Hovedscene Område 'Hoved' Rad 15 
("Hoved", 393, 15, 393), 
("Hoved", 394, 15, 394), 
("Hoved", 395, 15, 395), 
("Hoved", 396, 15, 396), 
("Hoved", 397, 15, 397), 
("Hoved", 398, 15, 398), 
("Hoved", 399, 15, 399), 
("Hoved", 400, 15, 400), 
("Hoved", 401, 15, 401), 
("Hoved", 402, 15, 402), 
("Hoved", 403, 15, 403), 
("Hoved", 404, 15, 404), 
("Hoved", 405, 15, 405), 
("Hoved", 406, 15, 406), 
("Hoved", 407, 15, 407), 
("Hoved", 408, 15, 408), 
("Hoved", 409, 15, 409), 
("Hoved", 410, 15, 410), 
("Hoved", 411, 15, 411), 
("Hoved", 412, 15, 412), 
("Hoved", 413, 15, 413), 
("Hoved", 414, 15, 414), 
("Hoved", 415, 15, 415), 
("Hoved", 416, 15, 416), 
("Hoved", 417, 15, 417), 
("Hoved", 418, 15, 418), 
("Hoved", 419, 15, 419), 
("Hoved", 420, 15, 420),
-- Hovedscene Område 'Hoved' Rad 16
("Hoved", 421, 16, 421), 
("Hoved", 422, 16, 422), 
("Hoved", 423, 16, 423), 
("Hoved", 424, 16, 424), 
("Hoved", 425, 16, 425), 
("Hoved", 426, 16, 426), 
("Hoved", 427, 16, 427), 
("Hoved", 428, 16, 428), 
("Hoved", 429, 16, 429), 
("Hoved", 430, 16, 430), 
("Hoved", 431, 16, 431), 
("Hoved", 432, 16, 432), 
("Hoved", 433, 16, 433), 
("Hoved", 434, 16, 434), 
("Hoved", 435, 16, 435), 
("Hoved", 436, 16, 436), 
("Hoved", 437, 16, 437), 
("Hoved", 438, 16, 438), 
("Hoved", 439, 16, 439), 
("Hoved", 440, 16, 440), 
("Hoved", 441, 16, 441), 
("Hoved", 442, 16, 442), 
("Hoved", 443, 16, 443), 
("Hoved", 444, 16, 444), 
("Hoved", 445, 16, 445), 
("Hoved", 446, 16, 446), 
("Hoved", 447, 16, 447), 
("Hoved", 448, 16, 448),
--Hovedscene Område 'Hoved' Rad 17
("Hoved", 449, 17, 449), 
("Hoved", 450, 17, 450), 
("Hoved", 451, 17, 451), 
("Hoved", 452, 17, 452), 
("Hoved", 453, 17, 453), 
("Hoved", 454, 17, 454), 
("Hoved", 455, 17, 455), 
("Hoved", 456, 17, 456), 
("Hoved", 457, 17, 457), 
("Hoved", 458, 17, 458),
("Hoved", 459, 17, 459), 
("Hoved", 460, 17, 460), 
("Hoved", 461, 17, 461), 
("Hoved", 462, 17, 462), 
("Hoved", 463, 17, 463), 
("Hoved", 464, 17, 464), 
("Hoved", 465, 17, 465), 
("Hoved", 466, 17, 466), 
("Hoved", 471, 17, 467), 
("Hoved", 472, 17, 468), 
("Hoved", 473, 17, 469), 
("Hoved", 474, 17, 470), 
("Hoved", 475, 17, 471), 
("Hoved", 476, 17, 472),
--Hovedscene Område 'Hoved' Rad 18
("Hoved", 477, 18, 473), 
("Hoved", 478, 18, 474), 
("Hoved", 479, 18, 475), 
("Hoved", 480, 18, 476), 
("Hoved", 481, 18, 477), 
("Hoved", 482, 18, 478), 
("Hoved", 483, 18, 479), 
("Hoved", 484, 18, 480), 
("Hoved", 485, 18, 481), 
("Hoved", 486, 18, 482),
("Hoved", 487, 18, 483), 
("Hoved", 488, 18, 484), 
("Hoved", 489, 18, 485), 
("Hoved", 490, 18, 486), 
("Hoved", 491, 18, 487), 
("Hoved", 492, 18, 488), 
("Hoved", 493, 18, 489), 
("Hoved", 494, 18, 490), 
("Hoved", 499, 18, 491), 
("Hoved", 500, 18, 492),
("Hoved", 501, 18, 493), 
("Hoved", 502, 18, 494), 
("Hoved", 503, 18, 495), 
("Hoved", 504, 18, 496), 
--Hovedscene Område 'Galleri Nedre'
("Galleri Nedre", 505, null, 497), 
("Galleri Nedre", 506, null, 498), 
("Galleri Nedre", 507, null, 499), 
("Galleri Nedre", 508, null, 500), 
("Galleri Nedre", 509, null, 501), 
("Galleri Nedre", 510, null, 502), 
("Galleri Nedre", 511, null, 503), 
("Galleri Nedre", 512, null, 504), 
("Galleri Nedre", 513, null, 505), 
("Galleri Nedre", 514, null, 506), 
--Hovedscene Område 'Galleri Øvre'
("Galleri Nedre", 515, null, 507), 
("Galleri Nedre", 516, null, 508), 
("Galleri Nedre", 517, null, 509), 
("Galleri Nedre", 518, null, 510), 
("Galleri Nedre", 519, null, 511), 
("Galleri Nedre", 520, null, 512), 
("Galleri Nedre", 521, null, 513), 
("Galleri Nedre", 522, null, 514), 
("Galleri Nedre", 523, null, 515), 
("Galleri Nedre", 524, null, 516),
--Gamlescene Område 'Galleri' Rad 1
("Galleri", 1, 1, 517),
("Galleri", 2, 1, 518),
("Galleri", 3, 1, 519),
("Galleri", 4, 1, 520),
("Galleri", 5, 1, 521),
("Galleri", 6, 1, 522),
("Galleri", 7, 1, 523),
("Galleri", 8, 1, 524),
("Galleri", 9, 1, 525),
("Galleri", 10, 1, 526),
("Galleri", 11, 1, 527),
("Galleri", 12, 1, 528),
("Galleri", 13, 1, 529),
("Galleri", 14, 1, 530),
("Galleri", 15, 1, 531),
("Galleri", 16, 1, 532),
("Galleri", 17, 1, 533),
("Galleri", 18, 1, 534),
("Galleri", 19, 1, 535),
("Galleri", 20, 1, 536),
("Galleri", 21, 1, 537),
("Galleri", 22, 1, 538),
("Galleri", 23, 1, 539),
("Galleri", 24, 1, 540),
("Galleri", 25, 1, 541),
("Galleri", 26, 1, 542),
("Galleri", 27, 1, 543),
("Galleri", 28, 1, 544),
("Galleri", 29, 1, 545),
("Galleri", 30, 1, 546),
("Galleri", 31, 1, 547),
("Galleri", 32, 1, 548),
("Galleri", 33, 1, 549),
--Gamlescene Område 'Galleri' Rad 2
("Galleri", 1, 2, 550),
("Galleri", 2, 2, 551),
("Galleri", 3, 2, 552),
("Galleri", 4, 2, 553),
("Galleri", 5, 2, 554),
("Galleri", 6, 2, 555),
("Galleri", 7, 2, 556),
("Galleri", 8, 2, 557),
("Galleri", 9, 2, 558),
("Galleri", 10, 2, 559),
("Galleri", 11, 2, 560),
("Galleri", 12, 2, 561),
("Galleri", 13, 2, 562),
("Galleri", 14, 2, 563),
("Galleri", 15, 2, 564),
("Galleri", 16, 2, 565),
("Galleri", 17, 2, 566),
("Galleri", 18, 2, 567),
--Gamlescene Område 'Galleri' Rad 3
("Galleri", 1, 3, 568),
("Galleri", 2, 3, 569),
("Galleri", 3, 3, 570),
("Galleri", 4, 3, 571),
("Galleri", 5, 3, 572),
("Galleri", 6, 3, 573),
("Galleri", 7, 3, 574),
("Galleri", 8, 3, 575),
("Galleri", 9, 3, 576),
("Galleri", 10, 3, 577),
("Galleri", 11, 3, 578),
("Galleri", 12, 3, 579),
("Galleri", 13, 3, 580),
("Galleri", 14, 3, 581),
("Galleri", 15, 3, 582),
("Galleri", 16, 3, 583),
("Galleri", 17, 3, 584),
--Gamlescene Område 'Balkong' Rad 1
("Balkong", 1, 1, 585),
("Balkong", 2, 1, 586),
("Balkong", 3, 1, 587),
("Balkong", 4, 1, 588),
("Balkong", 5, 1, 589),
("Balkong", 6, 1, 590),
("Balkong", 7, 1, 591),
("Balkong", 8, 1, 592),
("Balkong", 9, 1, 593),
("Balkong", 10, 1, 594),
("Balkong", 11, 1, 595),
("Balkong", 12, 1, 596),
("Balkong", 13, 1, 597),
("Balkong", 14, 1, 598),
("Balkong", 15, 1, 599),
("Balkong", 16, 1, 600),
("Balkong", 17, 1, 601),
("Balkong", 18, 1, 602),
("Balkong", 19, 1, 603),
("Balkong", 20, 1, 604),
("Balkong", 21, 1, 605),
("Balkong", 22, 1, 606),
("Balkong", 23, 1, 607),
("Balkong", 24, 1, 608),
("Balkong", 25, 1, 609),
("Balkong", 26, 1, 610),
("Balkong", 27, 1, 611),
("Balkong", 28, 1, 612),
--Gamlescene Område 'Balkong' Rad 2
("Balkong", 1, 2, 613),
("Balkong", 2, 2, 614),
("Balkong", 3, 2, 615),
("Balkong", 4, 2, 616),
("Balkong", 5, 2, 617),
("Balkong", 6, 2, 618),
("Balkong", 7, 2, 619),
("Balkong", 8, 2, 620),
("Balkong", 9, 2, 621),
("Balkong", 10, 2, 622),
("Balkong", 11, 2, 623),
("Balkong", 12, 2, 624),
("Balkong", 13, 2, 625),
("Balkong", 14, 2, 626),
("Balkong", 15, 2, 627),
("Balkong", 16, 2, 628),
("Balkong", 17, 2, 629),
("Balkong", 18, 2, 630),
("Balkong", 19, 2, 631),
("Balkong", 20, 2, 632),
("Balkong", 21, 2, 633),
("Balkong", 22, 2, 634),
("Balkong", 23, 2, 635),
("Balkong", 24, 2, 636),
("Balkong", 25, 2, 637),
("Balkong", 26, 2, 638),
("Balkong", 27, 2, 639),
--Gamlescene Område 'Balkong' Rad 3
("Balkong", 1, 3, 640),
("Balkong", 2, 3, 641),
("Balkong", 3, 3, 642),
("Balkong", 4, 3, 643),
("Balkong", 5, 3, 644),
("Balkong", 6, 3, 645),
("Balkong", 7, 3, 646),
("Balkong", 8, 3, 647),
("Balkong", 9, 3, 648),
("Balkong", 10, 3, 649),
("Balkong", 11, 3, 650),
("Balkong", 12, 3, 651),
("Balkong", 13, 3, 652),
("Balkong", 14, 3, 653),
("Balkong", 15, 3, 654),
("Balkong", 16, 3, 655),
("Balkong", 17, 3, 656),
("Balkong", 18, 3, 657),
("Balkong", 19, 3, 658),
("Balkong", 20, 3, 659),
("Balkong", 21, 3, 660),
("Balkong", 22, 3, 661),
--Gamlescene Område 'Balkong' Rad 4
("Balkong", 1, 4, 662),
("Balkong", 2, 4, 663),
("Balkong", 3, 4, 664),
("Balkong", 4, 4, 665),
("Balkong", 5, 4, 666),
("Balkong", 6, 4, 667),
("Balkong", 7, 4, 668),
("Balkong", 8, 4, 669),
("Balkong", 9, 4, 670),
("Balkong", 10, 4, 671),
("Balkong", 11, 4, 672),
("Balkong", 12, 4, 673),
("Balkong", 13, 4, 674),
("Balkong", 14, 4, 675),
("Balkong", 15, 4, 676),
("Balkong", 16, 4, 677),
("Balkong", 17, 4, 678),
--Gamlescene Område 'Parkett' Rad 1
("Parkett", 1, 1, 679),
("Parkett", 2, 1, 680),
("Parkett", 3, 1, 681),
("Parkett", 4, 1, 682),
("Parkett", 5, 1, 683),
("Parkett", 6, 1, 684),
("Parkett", 7, 1, 685),
("Parkett", 8, 1, 686),
("Parkett", 9, 1, 687),
("Parkett", 10, 1, 688),
("Parkett", 11, 1, 689),
("Parkett", 12, 1, 690),
("Parkett", 13, 1, 691),
("Parkett", 14, 1, 692),
("Parkett", 15, 1, 693),
("Parkett", 16, 1, 694),
("Parkett", 17, 1, 695),
("Parkett", 18, 1, 696),
--Gamlescene Område 'Parkett' Rad 2
("Parkett", 1, 2, 697),
("Parkett", 2, 2, 698),
("Parkett", 3, 2, 699),
("Parkett", 4, 2, 700),
("Parkett", 5, 2, 701),
("Parkett", 6, 2, 702),
("Parkett", 7, 2, 703),
("Parkett", 8, 2, 704),
("Parkett", 9, 2, 705),
("Parkett", 10, 2, 706),
("Parkett", 11, 2, 707),
("Parkett", 12, 2, 708),
("Parkett", 13, 2, 709),
("Parkett", 14, 2, 710),
("Parkett", 15, 2, 711),
("Parkett", 16, 2, 712),
--Gamlescene Område 'Parkett' Rad 3
("Parkett", 1, 3, 713),
("Parkett", 2, 3, 714),
("Parkett", 3, 3, 715),
("Parkett", 4, 3, 716),
("Parkett", 5, 3, 717),
("Parkett", 6, 3, 718),
("Parkett", 7, 3, 719),
("Parkett", 8, 3, 720),
("Parkett", 9, 3, 721),
("Parkett", 10, 3, 722),
("Parkett", 11, 3, 723),
("Parkett", 12, 3, 724),
("Parkett", 13, 3, 725),
("Parkett", 14, 3, 726),
("Parkett", 15, 3, 727),
("Parkett", 16, 3, 728),
("Parkett", 17, 3, 729),
--Gamlescene Område 'Parkett' Rad 4
("Parkett", 1, 4, 730),
("Parkett", 2, 4, 731),
("Parkett", 3, 4, 732),
("Parkett", 4, 4, 733),
("Parkett", 5, 4, 734),
("Parkett", 6, 4, 735),
("Parkett", 7, 4, 736),
("Parkett", 8, 4, 737),
("Parkett", 9, 4, 738),
("Parkett", 10, 4, 739),
("Parkett", 11, 4, 740),
("Parkett", 12, 4, 741),
("Parkett", 13, 4, 742),
("Parkett", 14, 4, 743),
("Parkett", 15, 4, 744),
("Parkett", 16, 4, 745),
("Parkett", 17, 4, 746),
("Parkett", 18, 4, 747),
--Gamlescene Område 'Parkett' Rad 5
("Parkett", 1, 5, 748),
("Parkett", 2, 5, 749),
("Parkett", 3, 5, 750),
("Parkett", 4, 5, 751),
("Parkett", 5, 5, 752),
("Parkett", 6, 5, 753),
("Parkett", 7, 5, 754),
("Parkett", 8, 5, 755),
("Parkett", 9, 5, 756),
("Parkett", 10, 5, 757),
("Parkett", 11, 5, 758),
("Parkett", 12, 5, 759),
("Parkett", 13, 5, 760),
("Parkett", 14, 5, 761),
("Parkett", 15, 5, 762),
("Parkett", 16, 5, 763),
("Parkett", 17, 5, 764),
("Parkett", 18, 5, 765),
--Gamlescene Område 'Parkett' Rad 6
("Parkett", 1, 6, 766),
("Parkett", 2, 6, 767),
("Parkett", 3, 6, 768),
("Parkett", 4, 6, 769),
("Parkett", 5, 6, 770),
("Parkett", 6, 6, 771),
("Parkett", 7, 6, 772),
("Parkett", 8, 6, 773),
("Parkett", 9, 6, 774),
("Parkett", 10, 6, 775),
("Parkett", 11, 6, 776),
("Parkett", 12, 6, 777),
("Parkett", 13, 6, 778),
("Parkett", 14, 6, 779),
("Parkett", 15, 6, 780),
("Parkett", 16, 6, 781),
("Parkett", 17, 6, 782),
--Gamlescene Område 'Parkett' Rad 7
("Parkett", 1, 7, 783),
("Parkett", 2, 7, 784),
("Parkett", 3, 7, 785),
("Parkett", 4, 7, 786),
("Parkett", 5, 7, 787),
("Parkett", 6, 7, 788),
("Parkett", 7, 7, 789),
("Parkett", 8, 7, 790),
("Parkett", 9, 7, 791),
("Parkett", 10, 7, 792),
("Parkett", 11, 7, 793),
("Parkett", 12, 7, 794),
("Parkett", 13, 7, 795),
("Parkett", 14, 7, 796),
("Parkett", 15, 7, 797),
("Parkett", 16, 7, 798),
("Parkett", 17, 7, 799),
("Parkett", 18, 7, 800),
--Gamlescene Område 'Parkett' Rad 8
("Parkett", 1, 8, 801),
("Parkett", 2, 8, 802),
("Parkett", 3, 8, 803),
("Parkett", 4, 8, 804),
("Parkett", 5, 8, 805),
("Parkett", 6, 8, 806),
("Parkett", 7, 8, 807),
("Parkett", 8, 8, 808),
("Parkett", 9, 8, 809),
("Parkett", 10, 8, 810),
("Parkett", 11, 8, 811),
("Parkett", 12, 8, 812),
("Parkett", 13, 8, 813),
("Parkett", 14, 8, 814),
("Parkett", 15, 8, 815),
("Parkett", 16, 8, 816),
("Parkett", 17, 8, 817),
--Gamlescene Område 'Parkett' Rad 9
("Parkett", 1, 9, 818),
("Parkett", 2, 9, 819),
("Parkett", 3, 9, 820),
("Parkett", 4, 9, 821),
("Parkett", 5, 9, 822),
("Parkett", 6, 9, 823),
("Parkett", 7, 9, 824),
("Parkett", 8, 9, 825),
("Parkett", 9, 9, 826),
("Parkett", 10, 9, 827),
("Parkett", 11, 9, 828),
("Parkett", 12, 9, 829),
("Parkett", 13, 9, 830),
("Parkett", 14, 9, 831),
("Parkett", 15, 9, 832),
("Parkett", 16, 9, 833),
("Parkett", 17, 9, 834),
--Gamlescene Område 'Parkett' Rad 10
("Parkett", 1, 10, 835),
("Parkett", 2, 10, 836),
("Parkett", 3, 10, 837),
("Parkett", 4, 10, 838),
("Parkett", 5, 10, 839),
("Parkett", 6, 10, 840),
("Parkett", 7, 10, 841),
("Parkett", 8, 10, 842),
("Parkett", 9, 10, 843),
("Parkett", 10, 10, 844),
("Parkett", 11, 10, 845),
("Parkett", 12, 10, 846),
("Parkett", 13, 10, 847),
("Parkett", 14, 10, 848);




